{
  "name": "react-pokemons-app",
  "version": "1.0.0",
  "description": "An awesome application to handle some pokemons.",
  "dependencies": {
    "@types/node": "12.11.1",
    "@types/react": "16.9.9",
    "@types/react-dom": "16.9.2",
    "@types/react-router-dom": "^5.1.2",
    "react": "^17.0.0",
    "react-dom": "^17.0.0",
    "react-router-dom": "^5.1.2",
    "react-scripts": "^4.0.0",
    "typescript": "3.6.4"
  },
  "scripts": {
    "start": "react-scripts start",
    "build": "react-scripts build"
  },
  "eslintConfig": {
    "extends": "react-app"
  },
  "browserslist": {
    "production": [
      ">0.2%",
      "not dead",
      "not op_mini all"
    ],
    "development": [
      "last 1 chrome version",
      "last 1 firefox version",
      "last 1 safari version"
    ]
  }
}